order,item,status,source_names,ytd_value,last_label,last_value,2025-01,2025-02,2025-03,2025-04,2025-05,2025-06,2025-07,2025-08,2025-09,2025-10,2025-11,2025-12,2026-01,2026-02,2026-03,2026-04,2026-05,2026-06,2026-07,2026-08,2026-09,2026-10
1,Безлимитный фильтр,exact_match,Безлимитный фильтр,4019436,Окт 2026,11746,283646,322455,367708,412385,421768,487764,540380,480741,453656,451921,401901,439217,384998,376959,459764,502013,474161,418499,454237,460147,476912,11746
2,Бракераж,exact_match,Бракераж,420946,Окт 2026,1490,31388,21815,30363,31239,29345,38513,35409,32713,35979,47762,48816,48123,42038,43144,43281,43632,47576,45035,54677,47521,52552,1490
3,Настройка помола зерна,exact_match,Настройка помола зерна,703068,Окт 2026,2044,29934,31137,37484,42222,52921,55636,61019,80118,90203,69635,72342,71321,79709,85400,67347,73399,77155,78946,99326,80447,59295,2044
4,Расходы на упаковку,exact_match,Расходы на упаковку,3566467,Окт 2026,0,868227,1031410,956520,387228,335204,276943,296523,269782,250436,400786,339717,402727,227989,325591,446026,387425,426332,419774,473422,416339,443569,0
5,Расход продуктов/Себестоимость,exact_match,Расход продуктов/Себестоимость,159915572,Окт 2026,2147297,12214516,11505375,15211504,16691499,19551709,19308788,18732789,18844322,17275100,15927938,14557737,14089483,13866012,12860588,16644482,17683396,19518026,17741895,20200547,19821547,19431782,2147297
6,Недостача инвентаризации,exact_match,Недостача инвентаризации,3574583,Окт 2026,0,241049,221725,274740,380681,428509,454773,408630,432362,435825,317191,266616,288208,270300,309155,391504,457003,434237,387714,419763,395440,509467,0
7,Излишки инвентаризации,exact_match,Излишки инвентаризации,-4457009,Окт 2026,0,-474806,-432471,-487471,-567881,-666310,-662687,-606031,-509921,-549601,-401901,-444320,-383621,-361772,-354286,-497209,-594649,-507846,-497996,-544564,-452475,-646212,0
8,Потери/брак/порча,exact_match,Потери/брак/порча,2620803,Окт 2026,23003,155925,112008,174141,186949,248700,246161,250694,236176,240247,207802,203525,218420,203715,195518,358886,279743,307588,308921,335700,323948,283781,23003
9,Расходы на хоз.товары,exact_match,Расходы на хоз.товары,9475175,Окт 2026,0,574439,552353,688585,901710,990455,980055,866110,915491,872414,793273,637911,897864,629381,752036,1032822,1021019,1003857,1167125,1228273,1584320,1056342,0
10,ГСМ,exact_match,ГСМ,148294,Окт 2026,0,18279,26500,34895,29543,29717,33093,25019,21868,20837,19928,21209,15764,15481,15919,12912,17851,14414,22187,24931,24599,0,0
11,Ремонт и обслуживание помещений,exact_match,Ремонт и обслуживание помещений,3729814,Окт 2026,3248,269571,266518,227248,222079,335974,383621,442359,603727,276506,447516,427137,279008,232333,277310,423914,458273,496446,483041,623707,542285,189257,3248
12,Коммунальные услуги,exact_match,Коммунальные услуги,14446226,Окт 2026,0,1118658,1058371,1043061,1107231,1237606,1370867,1539003,1552140,1496166,1449498,1367254,1504639,1420039,1539990,1506414,1427411,1720963,2125121,2094972,2054797,556519,0
13,"ТО и ремонт оборудования, инвентаря",exact_match,"ТО и ремонт оборудования, инвентаря",2506337,Окт 2026,15000,144130,277641,149566,330552,425584,378678,360263,234071,564556,436721,405590,327399,241467,288544,300092,381089,183214,261441,367265,222131,246094,15000
14,Оформление торгового зала(дизайн и озеленение),exact_match,Оформление торгового зала(дизайн и озеленение),293468,Окт 2026,1000,0,0,8000,28624,6624,10500,20100,0,6000,0,108075,323385,0,66755,32775,0,20700,54681,53855,49855,13847,1000
15,Транспортные расходы,exact_match,Транспортные расходы,2324161,Окт 2026,0,64034,14239,27598,25471,18721,58158,46696,25873,49699,57051,33331,266719,178907,211477,252420,303920,265877,310928,272359,262380,265893,0
16,Прочие ТМЦ списанные,exact_match,Прочие ТМЦ списанные,429598,Окт 2026,0,48070,78412,104849,344,12238,0,27176,54177,36983,28777,16451,173470,55029,55475,69041,3739,52981,42831,79489,40291,30722,0
17,Инвентарь списанный,exact_match,Инвентарь списанный,1199924,Окт 2026,0,5678,7234,197509,67290,83826,29273,41697,379976,77060,22377,46639,371925,121941,73934,262404,69388,266356,208785,55874,127231,14011,0
18,Бой посуды,exact_match,Бой посуды,719730,Окт 2026,0,22248,30686,175478,157106,81442,8685,47781,159951,30611,136878,44140,43108,58281,19100,150187,74684,126965,52757,169161,68595,0,0
19,Канцтовары,exact_match,Канцтовары,165133,Окт 2026,0,44987,0,22997,458,5208,37561,1450,10258,40746,4152,14735,867,19009,268,10050,9177,35809,42593,11824,36403,0,0
20,Поиск персонала,not_in_raw,,0,Окт 2026,0,0,0,0,0,0,0,0,0,0,0,0,0,0,0,0,0,0,0,0,0,0,0
21,Обучение персонала,exact_match,Обучение персонала,426384,Окт 2026,799,11707,11432,41099,13966,16884,29986,36151,32971,35336,32558,19120,20103,17677,35096,85177,63715,62382,26362,34268,23528,77380,799
22,Медосмотр/ Медикаменты,exact_match,Медосмотр/ Медикаменты,615403,Окт 2026,0,31357,18688,57468,43172,51784,27070,43787,60773,81326,108345,95703,52500,40710,59548,84196,73352,32848,112460,50741,87491,74057,0
23,Развозка персонала,exact_match,Развозка персонала,4690410,Окт 2026,0,317121,293615,372562,337122,447485,493323,453366,525536,408938,411750,456737,465945,461579,487627,501650,427219,569976,573879,558763,620530,489187,0
24,Командировочные расходы,exact_match,Командировочные расходы,214641,Окт 2026,0,0,10148,0,0,0,29219,38424,0,35830,36979,0,0,0,49474,50778,63712,0,29677,21000,0,0,0
25,Бесплатная еда для сотрудников,exact_match,Бесплатная еда для сотрудников,5759499,Окт 2026,29455,400274,389828,430317,473913,516038,486545,565922,527024,533213,543920,506134,478860,501405,532729,602399,647624,645575,640206,722317,731249,706540,29455
26,Бесплатные напитки для сотрудников,exact_match,Бесплатные напитки для сотрудников,1938662,Окт 2026,9441,140461,129845,168808,139271,182006,164582,229650,207085,188787,188295,197620,155661,168460,159585,187529,215002,225574,216226,248004,249488,259353,9441
27,Лицензии/ПО/сертификация,exact_match,Лицензии/ПО/сертификация,2212154,Окт 2026,2310,80530,48400,66700,88660,81329,120440,132000,297154,228600,160608,154900,200929,252755,255745,253380,287705,320856,303688,223554,200901,111260,2310
28,Гостю,exact_match,Гостю,629257,Окт 2026,4875,30699,27832,29680,33476,59336,50590,45885,51451,48387,46620,47247,48964,50548,50014,67966,64391,77463,69211,87804,78216,78769,4875
29,Первый Гость и Подарок в День Рождения ,exact_match,Первый Гость и Подарок в День Рождения,376336,Окт 2026,1368,15025,15073,19996,21926,23801,25402,28961,27893,29074,32273,27020,31171,40731,34981,40531,38354,44399,44649,43803,45405,42115,1368
30,"Расходы на рекламу, дизайн и маркетинг",exact_match,"Расходы на рекламу, дизайн и маркетинг",2551813,Окт 2026,96004,67340,85431,155628,130612,110003,171260,133094,167567,188841,117732,58763,230167,16629,176626,400295,306929,245320,209884,331320,291570,477236,96004
31,Представительские расходы,exact_match,Представительские расходы,7619,Окт 2026,0,2633,3713,18902,995,647,2536,2291,0,1520,1512,446,20775,0,670,0,0,430,296,5392,831,0,0
32,Расходы из Амортизационного фонда,exact_match,Расходы из Амортизационного фонда,803762,Окт 2026,0,20745,65740,38628,136592,35734,8800,112551,17022,150980,84673,51818,39893,31915,32446,132984,78544,124489,86530,139874,37978,139002,0
